,loss,acc
0,0.7002642216868866,0.8066998106060606
1,1.0425979784055106,0.7735290635728661
2,1.2160022253891596,0.8041676533270187
