,loss,acc
0,0.7250294345704948,0.5310202205882353
1,0.7432933773516732,0.5226332720588235
2,0.7465175827912705,0.5236125473974491
