,loss,acc
0,0.9177840365407863,0.8062263257575758
1,0.8357440919633079,0.6738487036817805
2,1.3447630145524063,0.7384560738811271
